Token Count,Processing Time
240,2.1533780097961426
500,3.8159167766571045
1000,7.798691034317017
2000,17.31012725830078
4000,40.6810781955719
8000,81.96547508239746
16000,4.469762086868286
32000,8.203898906707764
