Token Count,Processing Time
240,2.2383129596710205
500,3.58654522895813
1000,6.793588876724243
2000,21.38559627532959
4000,59.17431712150574
8000,122.42715191841125
16000,272.1217920780182
32000,65.99948692321777
