Token Count,Processing Time
240,2.5549397468566895
500,2.0896289348602295
1000,7.776305913925171
2000,23.41038203239441
4000,36.95077872276306
8000,5.52512001991272
16000,18.365439891815186
32000,2.878126859664917
