Token Count,Processing Time
240,2.503556966781616
500,3.240831136703491
1000,1.0910711288452148
2000,5.504071235656738
4000,14.985340118408203
8000,4.929651975631714
16000,4.709790945053101
32000,2.996295928955078
