Token Count,Processing Time
240,2.0025808811187744
500,2.6200649738311768
1000,9.737336158752441
2000,5.842430830001831
4000,21.329429864883423
8000,82.13836908340454
16000,3.1555919647216797
32000,3.2686262130737305
