Token Count,Processing Time
240,2.448060989379883
500,2.888170003890991
1000,8.690831184387207
2000,27.936839818954468
4000,16.51298713684082
8000,87.61049294471741
16000,3.7420129776000977
32000,2.799931049346924
